url,label
http://ipfs.io/ipfs/bafkreiffddvbp6disumwe2eocy4hbz3dmzh6crxydvogx5l7xvrxtsgp6m,1
https://netflix-clone-cyan-six.vercel.app/,1
https://www.netflix-clone-cyan-six.vercel.app/,1
https://netcoins--logi-tab-cdn.webflow.io/,1
https://netcains-login.webflow.io/,1
http://sso---bitmart-docs-auth.webflow.io/,1
https://info-resmi388.blogspot.com/,1
https://www.info-resmi388.blogspot.com/,1
https://easybank-landing-page-akashsharma.vercel.app/,1
https://www.easybank-landing-page-akashsharma.vercel.app/,1
https://easybank-landing-page-eight-psi.vercel.app/,1
https://www.easybank-landing-page-eight-psi.vercel.app/,1
https://easy-bank-omega.vercel.app/,1
http://www.easy-bank-omega.vercel.app/,1
http://promotions.ppsmotors.co.in/file/drive/index.php,1
http://attsupportsecurityinc.github.io/,1
https://easy-bank-gamma.vercel.app/,1
https://kucoidilogin.gitbook.io/us,1
http://kucoidilogin.gitbook.io/,1
http://blokfelogon.webflow.io/,1
http://w-auth-ledgerr-hlp.webflow.io/,1
http://bhdclientes-beneficios.netlify.app/,1
http://easy-bank-landing-page-eta.vercel.app/,1
http://crackaf-bubbles-frontend.vercel.app/swap,1
https://bafybeibiri6akaf2pabdtm6fnlk2jnkmay5v6a5kaukpfc6mttlflk6oyq.ipfs.infura-ipfs.io/,1
https://spotify-clone-theta-hazel.vercel.app/,1
https://www.spotify-clone-theta-hazel.vercel.app/,1
https://netflix-clone-navy-beta.vercel.app/,1
https://www.netflix-clone-navy-beta.vercel.app/,1
https://www.info-resmi043.blogspot.com/,1
https://rentrise.vercel.app/,1
https://www.rentrise.vercel.app/,1
https://www.syriatel.gamefy.io.proxy.openvpn-ssh.com/,1
http://app-ledgerrliv-app.webflow.io/,1
https://sso-netcoins-ca-com-auth.webflow.io/,1
https://netflix-clone-red-seven.vercel.app/,1
https://www.netflix-clone-red-seven.vercel.app/,1
https://wwwdd.vercel.app/,1
http://www.wwwdd.vercel.app/,1
https://sso-netcoins-ca-com--auth.webflow.io/,1
https://www.instagram-clone-alpha-three.vercel.app/,1
https://www.walletconnect-zeta-nine.vercel.app/,1
http://itrrustcaptllogin.webflow.io/,1
http://www.launchpad-nextjs-typescript-facebook-clone.vercel.app/,1
http://webmail.slalom.himoschalet.fi/,1
https://instagram-clone-mu.vercel.app/,1
https://www.instagram-clone-sabitalizade.vercel.app/,1
https://www.suncoast-dev-git-scups-131-suncoast-credit-union.vercel.app/,1
http://www.instagram-clone-mu.vercel.app/,1
https://instagram-clone-alpha-three.vercel.app/,1
http://www.netflix-clone-gray-beta.vercel.app/,1
https://uniswap-interface-uniswap.vercel.app/,1
https://www.uniswap-interface-uniswap.vercel.app/,1
https://www.pancake-frontend-delta.vercel.app/,1
https://www.instagrammer-three.vercel.app/,1
https://www.netflix-clone-two-kappa.vercel.app/,1
https://www.netflix-clone-lovat-theta.vercel.app/,1
https://netflix-clone-azure-seven.vercel.app/,1
http://metamaskwalletcustomerservice.blogspot.com/,1
https://www-roblox-com-frr-users-6048717178.vercel.app/,1
https://www.netflix-clone-gamma-lemon-66.vercel.app/,1
https://www.netflix-clone-blond-gamma.vercel.app/,1
https://www.netflix-landingpage-beta.vercel.app/,1
https://www.netflix-clone-azure-seven.vercel.app/,1
https://www.www-roblox-com-frr-users-6048717178.vercel.app/,1
https://unisocks-bridge.xyz/,1
https://www.project2-amazone-clone.vercel.app/,1
https://socksfi.xyz/,1
https://www.netflixpractice-sooty.vercel.app/,1
https://netflix-clone-32.vercel.app/,1
https://www.netflix-clone-32.vercel.app/,1
https://rblx.foo/s/57C84z,1
https://www.netflix-clone-topaz-kappa.vercel.app/,1
https://www.site-rq5m5et7b.godaddysites.com/,1
https://netflix-landing-clone.vercel.app/,1
http://www.netflix-clone-psi-two.vercel.app/,1
http://www.spotify-clone-api-js.vercel.app/,1
https://www.netflix-landing-clone.vercel.app/,1
https://www.projectamazonpr1.vercel.app/,1
https://www.spotify-clone-player.vercel.app/,1
https://www.netflix-clone-delta-red-23.vercel.app/,1
https://netflix-two-ashy.vercel.app/,1
https://instagramincreasefollowers.blogspot.com/,1
https://www.netflix-two-ashy.vercel.app/,1
https://www.instagramincreasefollowers.blogspot.com/,1
http://polinezia.tora.ru/,1
https://netflix-clone-azure-six.vercel.app/,1
http://ldr-ec34-99fgf.ssangyong3.workers.dev/,1
https://www.netflix-clone-azure-six.vercel.app/,1
https://www.whatsapp-clone-frontend-liart.vercel.app/,1
https://notreallynetflix.vercel.app/,1
https://www.notreallynetflix.vercel.app/,1
http://netflix-clone-cyan-gamma.vercel.app/,1
https://www.netflix-clone-black-kappa.vercel.app/,1
http://www.netflix-gamma-orpin.vercel.app/,1
https://www.welcome-trezo.vercel.app/,1
https://secure--sso-netcoins-com-cdn-autth.webflow.io/,1
https://sso-ca-netcoins-com-authh.webflow.io/,1
https://netcoins-ca-cdn-com-auth.webflow.io/,1
https://unisocks-dapp.xyz/,1
http://www.trust_wallet.godaddysites.com/,1
http://trust_wallet.godaddysites.com/,1
https://unisocksapp.com/,1
https://www.layanan-undian79.blogspot.com/,1
http://ledgertermupdates.live/,1
https://unisocks-swap.xyz/,1
https://unisocks-hub.xyz/,1
http://zjemini-login.webflow.io/,1
http://loggiinbitmartt.webflow.io/,1
https://airbnbwebsite-nine.vercel.app/,1
https://www.airbnbwebsite-nine.vercel.app/,1
http://auth-signup-ndax.webflow.io/,1
https://easybank-project.vercel.app/,1
https://www.easybank-project.vercel.app/,1
http://www.easybank-landing-page-nu.vercel.app/,1
https://easybank-landing-page-fm.vercel.app/,1
https://amazon-clone-cyan-ten.vercel.app/,1
http://www.amazon-clone-cyan-ten.vercel.app/,1
https://121723398207.vercel.app/,1
http://bitmartlogiine.webflow.io/,1
https://9-205-153-237.cprapid.com/parcel/kasse.php?begc1ffqon8cy7xve7yi,1
http://rnask-distribution.com/,1
http://accounts.bmwweb.black/en/login,1
https://www.easybank-figma.vercel.app/,1
https://easybank-figma.vercel.app/,1
https://echo-blush.vercel.app/,1
http://www.echo-blush.vercel.app/,1
https://easy-bank-code.vercel.app/,1
https://www.easy-bank-code.vercel.app/,1
https://amazon-tau-ecru.vercel.app/,1
https://www.amazon-tau-ecru.vercel.app/,1
https://rnask-distribution.com/claim/,1
http://roblox.re/communities/1859786799/CarameLPan...,1
https://easybank-landing-page.rabwinter.vercel.app/,1
https://www.airbnb-meedoox.vercel.app/,1
https://www.amazon-clone-blue-nu.vercel.app/,1
https://www.51jx-q.vercel.app/,1
https://amazon-clone-xi-eight.vercel.app/,1
https://www.easy-bank-sigma.vercel.app/,1
http://www.amazon-clone-xi-eight.vercel.app/,1
https://www.amazon-clone-mocha-nine.vercel.app/,1
https://www.googp.vercel.app/,1
https://www.facebook-clone-neon-ten.vercel.app/,1
https://shreya-3024.github.io/streamflix_netflix_clone,1
https://geminuslogi.godaddysites.com/,1
http://netflix-clone-green.vercel.app/,1
http://amazon-responsive-mob-homepage.netlify.app/,1
https://www.roblox.com.gl/games/79798983053805/Untitled-Game?privateServerLinkCode=316524455427524510003568352892,1
https://by.byqgwcgzs.cn/,1
https://www.amazon-clone-inceptioncodes.vercel.app/,1
https://www.amazon-clone-blue-ten.vercel.app/,1
http://wallet.0x0.su/,1
https://amazon-clone-six-rho.vercel.app/,1
https://www.amazon-clone-six-rho.vercel.app/,1
https://amazon-clone-jet-eight-44.vercel.app/,1
https://www.amazon-clone-jet-eight-44.vercel.app/,1
https://geminimlogico.godaddysites.com/,1
https://www.amazon-three-ecru.vercel.app/,1
http://www.geminimlogico.godaddysites.com/,1
https://airbnb-clone-randilw.vercel.app/,1
https://www.airbnb-clone-randilw.vercel.app/,1
https://crackaf-bubbles-frontend.vercel.app/,1
https://www.crackaf-bubbles-frontend.vercel.app/,1
https://lofgincoinsquree.webflow.io/,1
https://proposal-uni.pages.dev/proposal/,1
http://allocate-unisocks.xyz/,1
https://booking-clone-sigma.vercel.app/,1
https://www.booking-clone-sigma.vercel.app/,1
https://amazon-clone-only-frontend.vercel.app/,1
https://www.amazon-clone-only-frontend.vercel.app/,1
https://gmxxdes.weebly.com/,1
https://www.amazon-clone-ivory-beta.vercel.app/,1
https://dynamic-yeot-cfe7fa.netlify.app/,1
http://ritikpandey007.github.io/,1
https://www.airbnb-clone-final.vercel.app/,1
https://doancongminh23bi14287.github.io/,1
https://www.amazon-clone-part-1.vercel.app/,1
http://www.blyaddddd.vercel.app/,1
http://www.amazonclone-wheat.vercel.app/,1
https://www.amazon-clone-alpha-gilt-89.vercel.app/,1
https://www.facebook-reward.blogspot.com/,1
https://amazon-clone001.vercel.app/,1
http://www.amazon-clone001.vercel.app/,1
https://www.amazone-clone-lilac.vercel.app/,1
http://www.amazon-by-aditya.vercel.app/,1
https://www.amazonwebclone.vercel.app/,1
http://bet405.cc/,1
http://www.mi-etta-mask-logjin.godaddysites.com/,1
https://congenial-eureka-theta.vercel.app/,1
https://www.congenial-eureka-theta.vercel.app/,1
https://www.booking-clone-two.vercel.app/,1
https://www.easy-bank-mu.vercel.app/,1
http://1freebetsiteler.com/,1
https://www.discord-clone-mu-five.vercel.app/,1
http://gedmni.zeabur.app/,1
http://www.amazon-home-page-brown.vercel.app/,1
https://www.amazon-clone-zeta-nine.vercel.app/,1
https://ww1.lsteamcommunity.com/,1
https://easybank-com.vercel.app/,1
http://www.easybank-com.vercel.app/,1
https://www.easybank-landng-page.vercel.app/,1
https://allegro-fitness.fitness-intro.de/,1
https://netflix-clone-6.vercel.app/,1
http://www.netflix-clone-6.vercel.app/,1
http://blog.phonydiploma.com/,1
http://kkuiiicnn110giin.godaddysites.com/,1
http://roblox.com.ge/users/7169229202/profile,1
http://www.amazone-clone-snowy.vercel.app/,1
http://emerydoucelin00-cmd.github.io/instagram.com,1
http://betlink21.pro/,1
http://bonusaile.com/,1
http://secure-doproco.com/,1
https://www.robiox.com.gr/users/8408154034/profile,1
https://yrosbsjf.top/usamp/?vs=EPkkkU&nm=128304&pt=19&ic=1&uls=[%22https://0lini549.top/1/?vs=EPkkkU&nm=128305&pt=2&ic=1%22]/,1
https://notifyhubss.net/d941d30dc796e741fcpa74e414523246c4d9.html/,1
http://kucoinilogz.webflow.io/,1
http://trrezoorwallett.webflow.io/,1
https://creiptocologinn.webflow.io/,1
http://giris.galabet1060resmi.com/,1
http://galabetgiris-2026.com/,1
http://m.galabet-brlz.com/,1
https://www.roblox.com.gl/users/382739783717/profile,1
https://meta-design.vercel.app/,1
http://www.meta-design.vercel.app/,1
http://trusstccapitallogin.webflow.io/,1
https://bitmdarttlogin.webflow.io/,1
https://notifyhubss.net/d776170367be764266pac6e3ae4249f8e3e5.html/,1
https://www.robiox.com.py/games/109983668079237/SKIBIDI-Steal-a-Brainrot?privateServerLinkCode=363338225260475716565485293185,1
http://aesthest.tttw20hc8.cc/watchfasd22fqvptwhv3Q&start_radio=1/,1
https://www.ma-carte-renouvellement.com/pages/billing.php,1
http://www.ma-carte-renouvellement.com/,1
https://a-mettamaxsk-logjiin.godaddysites.com/,1
http://www.a-mettamaxsk-logjiin.godaddysites.com/,1
https://block-filogenx.gitbook.io/us,1
http://block-filogenx.gitbook.io/,1
https://notifyhubss.net/16a74a41c5e9544e57gb8ea68580f7ebdc4b.html,1
http://www.easybank.vercel.app/,1
http://www.facebook-login-facebook.blogspot.com/,1
https://secure-datalink.org/landing/form/9ecc9ec7-1f3f-4351-86a5-88f0ba6c3e6d,1
https://secure-datalink.org/landing/form/41cdf127-dfda-4ef3-9bb4-75c273238b1a,1
https://secure-datalink.org/landing/form/abe2478b-adad-443e-816d-901cc7cb6882,1
https://secure-datalink.org/landing/form/a404b513-b2c9-49e4-95f6-175be358930a,1
http://iuophidldlognhus.godaddysites.com/,1
https://adminadsadd.com/,1
http://logxn_gemini.godaddysites.com/,1
http://135461223.site/sv/832/4018e9b9-c863-4e9f-8ab5-a1407efba4ab/724867,1
https://135461223.site/sv/832/4018e9b9-c863-4e9f-8ab5-a1407efba4ab/724867/x,1
http://135461223.site/832/4018e9b9-c863-4e9f-8ab5-a1407efba4ab/724867,1
https://135461223.site/832/4018e9b9-c863-4e9f-8ab5-a1407efba4ab/724867/,1
https://secure-datalink.org/landing/form/fdd4b8f5-cda9-4fba-9583-96798646a587,1
https://secure-datalink.org/landing/form/fc037979-13ab-456f-bfb6-c123a3fbd12f,1
https://135461223.site/sv/404/1cef4705-f4de-4d43-8728-8e8e4b6310a9/729371/x,1
http://135461223.site/sv/404/1cef4705-f4de-4d43-8728-8e8e4b6310a9/729371,1
https://135461223.site/sv/404/1cef4705-f4de-4d43-8728-8e8e4b6310a9/729371/,1
http://meto-maasskglowin01.godaddysites.com/,1
https://notifyhubss.net/d026401ce777094af4pb326a23d234109166.html/,1
https://secure-datalink.org/landing/form/581295c8-22cd-407c-87e8-2667687f9ff1,1
http://kucionlogines.webflow.io/,1
https://shopee0547.blogspot.com/,1
https://www.shopee0547.blogspot.com/,1
http://logix-robnhood.square.site/,1
https://instalafacebook.blogspot.com/,1
http://masterboxy.netlify.app/,1
http://www.ledger-com-start.vercel.app/,1
http://ecommerce-clone-gules.vercel.app/,1
https://secure-datalink.org/landing/form/678db7dc-a3cc-4162-977f-2e1fac1e000b,1
https://secure-datalink.org/landing/form/65df7b30-2b63-466e-bdf8-fccc03a0d582,1
https://login-facebook-facebook.blogspot.com/,1
https://bitmarrtlogini.webflow.io/,1
http://www.live-ledgerlive.vercel.app/,1
https://secure-datalink.org/landing/form/71b86179-8b77-46ac-8c1d-83b31421e8bd,1
http://www.gaanimeelogii.godaddysites.com/,1
https://secure-datalink.org/landing/form/c8a4e594-8eca-424f-baa2-731e73533067,1
http://facebook-reward.blogspot.com/,1
http://amazon-clone-mu-five.vercel.app/,1
https://financialalertsystem.com/landing/form/fd5acaa4-003b-48bb-92c1-c71cc6368580,1
https://netflix-clone-theta-ashen.vercel.app/,1
http://www.netflix-clone-theta-ashen.vercel.app/,1
https://easybank-landing-page-alpha-seven.vercel.app/,1
http://www.easybank-landing-page-alpha-seven.vercel.app/,1
https://dogstagram-c8myob4rn-jerrykapa.vercel.app/login,1
http://bet9705365.com/,1
http://kuucoinaloginw.webflow.io/,1
http://view-help---auth---bitmert--sso.webflow.io/,1
https://roblox.com.ge/communities/8366212734/OrbanMm2,1
https://netflix-clone-rho-six.vercel.app/,1
https://registrasixpinjamanxyz.advnx.my.id/,1
https://facebook-clone-kappa-ten.vercel.app/,1
http://www.facebook-clone-kappa-ten.vercel.app/,1
https://binance-news.blogspot.com/,1
http://blockfifi_log_usa.godaddysites.com/,1
https://secure-datalink.org/landing/form/cf001f67-dd6f-44d8-8b52-d90c30ca7d9c,1
https://secure-datalink.org/landing/form/5f8c8409-46d5-4be1-bd8a-2e5ada21e52c,1
http://qocuinlogingle.webflow.io/,1
https://trezortfwallet.webflow.io/,1
https://www.shopee582.blogspot.com/?m=1,1
https://ledegr-liveapp.wixstudio.com/us-en,1
https://suites-home-trzor.wixstudio.com/home,1
http://shopee582.blogspot.com/,1
http://bittbartihlogin.webflow.io/,1
https://www.google.com,0
https://www.github.com,0
https://www.wikipedia.org,0
